{
  "cbm_lr": {
    "mean": {
      "auroc": 0.7895015404914587,
      "auprc": 0.5998738544874065,
      "balanced_acc": 0.7235746906188169
    },
    "std": {
      "auroc": 0.0288242840298016,
      "auprc": 0.049249652153609554,
      "balanced_acc": 0.020026664131199672
    },
    "best_C": 1.0
  },
  "cbm_mlp": {
    "mean": {
      "auroc": 0.7917218480266406,
      "auprc": 0.6169947214730023,
      "balanced_acc": 0.7163764777660161
    },
    "std": {
      "auroc": 0.018581452019860507,
      "auprc": 0.022843814591320833,
      "balanced_acc": 0.01369938278529025
    }
  }
}