bucket,n_misclassified,rescue_rate@k=1,rescue_rate@k=2,rescue_rate@k=3
overall,289,0.8581314878892734,0.8650519031141869,0.8650519031141869
