,overall,overall_n_misclassified
pigment_network,0.17301038062283736,289
dots_globules,0.01384083044982699,289
blue_white_veil,0.6539792387543253,289
streaks,0.0,289
regression,0.04498269896193772,289
vascular,0.5570934256055363,289
asymmetry,0.0,289
border,0.0,289
color_var,0.0,289
