model,equalized_odds_gap,demographic_parity_gap
efficientnet_b0,0.09799040738267259,0.10223221285707307
resnet50,0.05096836864792667,0.055306646514031
cbm_lr,0.13295662506396522,0.1052409705139179
