concept,AUROC
pigment_network,0.6343984857763179
dots_globules,0.6988391271250951
blue_white_veil,0.7752828054298643
streaks,0.690716083036276
regression,
vascular,0.6145156323441223
asymmetry,
border,
color_var,
